trial, condition, presented_words, recalled_words
0,normal,"['port', 'soup', 'dust', 'worm', 'gulf', 'frog', 'nail', 'twin', 'mule', 'baby', 'plum', 'peer', 'hawk', 'lock', 'snow']","['port', 'lock', 'soup']"
1,normal,"['goat', 'deer', 'farm', 'snow', 'taco', 'bowl', 'rope', 'loaf', 'pond', 'crow', 'cave', 'shed', 'tuna', 'door', 'girl']","['deer', 'goat', 'farm', 'taco', 'bowl', 'shed', 'girl', 'tuna', 'cave']"
2,normal,"['cola', 'tree', 'nerd', 'lion', 'moon', 'fern', 'road', 'belt', 'gnat', 'door', 'toad', 'land', 'mate', 'ball', 'seal']","['seal', 'nerd', 'tree', 'cola', 'lion', 'seal', 'door', 'land', 'road']"
3,normal,"['note', 'beef', 'twin', 'mist', 'cola', 'city', 'skin', 'boar', 'face', 'roof', 'wall', 'rain', 'wave', 'bowl', 'land']","['land', 'bowl', 'twin', 'cola', 'notes', 'note', 'mist', 'rain', 'roof', 'wall', 'land']"
4,normal,"['boss', 'soda', 'town', 'lark', 'hand', 'seat', 'diva', 'shop', 'desk', 'wave', 'neck', 'tool', 'crab', 'plum', 'fish']","['crab', 'fish', 'plum', 'boss', 'desk', 'seat', 'soda', 'diva', 'shop', 'hand', 'tool', 'lark']"
5,normal,"['bowl', 'foot', 'sofa', 'clip', 'moon', 'crab', 'fire', 'desk', 'twin', 'hand', 'farm', 'door', 'drum', 'frog', 'town']","['town', 'frog', 'drum', 'desk', 'sofa', 'feet', 'bowl', 'clip', 'moon', 'fire', 'crab', 'door']"
6,normal,"['calf', 'fern', 'lark', 'pipe', 'maid', 'dune', 'toad', 'skin', 'milk', 'hill', 'belt', 'path', 'reef', 'vest', 'goat']","['vest', 'goat', 'calf', 'lark', 'pipe', 'maid', 'skin', 'milk', 'belt', 'path', 'road']"
7,normal,"['papa', 'soup', 'goat', 'film', 'shop', 'bull', 'bean', 'roof', 'lion', 'seat', 'carp', 'pond', 'boot', 'wave', 'swan']","['wave', 'swan', 'papa', 'soup', 'bull', 'bean', 'roof', 'boot']"
8,normal,"['seat', 'game', 'star', 'folk', 'fork', 'hill', 'bean', 'card', 'tide', 'crew', 'rain', 'film', 'dust', 'isle', 'belt']","['belt', 'isle', 'dust', 'seat', 'game', 'fork', 'bean', 'folk', 'crew', 'isle', 'tide', 'rain']"
9,normal,"['clan', 'rope', 'ring', 'tree', 'swan', 'hero', 'snow', 'twin', 'farm', 'film', 'town', 'reef', 'mall', 'rock', 'girl']","['rock', 'girl', 'farm', 'swan', 'hero', 'rope', 'clan', 'rope', 'white']"
10,normal,"['chin', 'dune', 'bean', 'moon', 'sofa', 'bowl', 'wrap', 'deer', 'yard', 'mole', 'chef', 'boot', 'lamb', 'card', 'salt']","['salt', 'bean', 'chef', 'salt', 'card', 'mole', 'goat']"
11,normal,"['hill', 'yard', 'lake', 'nail', 'king', 'road', 'crab', 'beer', 'gnat', 'rain', 'hare', 'lord', 'sand', 'lips', 'fern']","['fern', 'lips', 'hill', 'king', 'rain', 'fern', 'yard', 'lord']"
12,normal,"['guru', 'fire', 'mask', 'game', 'papa', 'road', 'lady', 'sofa', 'park', 'door', 'lake', 'barn', 'wave', 'tent', 'nerd']","['nerd', 'telt', 'guru', 'fire', 'road', 'mask', 'lady', 'sofa', 'park', 'door', 'lake']"
13,normal,"['skin', 'bike', 'cart', 'pita', 'shoe', 'lamb', 'bear', 'boar', 'lady', 'wall', 'team', 'pipe', 'mole', 'folk', 'frog']","['boar', 'beer', 'frog', 'mole', 'wall', 'lady', 'cart', 'skin', 'pita', 'shoe', 'road']"
14,normal,"['folk', 'park', 'boss', 'dove', 'lake', 'gnat', 'nose', 'worm', 'desk', 'wolf', 'kite', 'toad', 'gulf', 'mama', 'wind']","['wind', 'mama', 'park', 'folk', 'nose', 'worm', 'lake', 'wolf', 'desk', 'duck', 'dove']"
15,normal,"['meat', 'cake', 'dune', 'cola', 'loaf', 'wine', 'fern', 'tree', 'bear', 'mole', 'crow', 'hero', 'mask', 'coin', 'card']","['card', 'coin', 'hero', 'bear', 'crow', 'mole', 'mask', 'wine', 'cake', 'meat']"
16,normal,"['nose', 'farm', 'dust', 'belt', 'girl', 'loaf', 'tool', 'beer', 'maid', 'hare', 'path', 'yard', 'snow', 'dove', 'cart']","['cart', 'dove', 'farm', 'belt', 'loaf', 'nose', 'maid', 'girl', 'dust', 'snow']"
17,normal,"['wire', 'pipe', 'fire', 'dove', 'tent', 'soda', 'nail', 'shed', 'rice', 'pear', 'note', 'soil', 'game', 'belt', 'clan']","['clan', 'belt', 'fire', 'wire', 'dove', 'tent', 'game']"
18,normal,"['note', 'clam', 'vest', 'baby', 'meat', 'dove', 'belt', 'folk', 'crab', 'cake', 'stew', 'toad', 'yard', 'hill', 'rock']","['rock', 'baby', 'belt', 'yard', 'note', 'belt', 'crab', 'dove', 'meat']"
19,normal,"['wrap', 'game', 'star', 'wife', 'hawk', 'boar', 'lips', 'crew', 'nose', 'meat', 'sock', 'dust', 'book', 'wine', 'lady']","['lady', 'game', 'wrap', 'hawk', 'boar', 'wife', 'wine', 'nose', 'lips', 'book']"
20,fast,"['lark', 'soda', 'stew', 'roll', 'meat', 'lamb', 'beer', 'foot', 'brat', 'game', 'corn', 'crab', 'coin', 'goat', 'shoe']","['shoe', 'meat', 'crab', 'lark', 'coin', 'soda']"
21,fast,"['bowl', 'door', 'barn', 'coat', 'belt', 'yard', 'pony', 'lock', 'lamb', 'boar', 'papa', 'ring', 'wine', 'rain', 'cave']","['cave', 'papa', 'wine', 'belt', 'yard', 'farm', 'road', 'pony']"
22,fast,"['folk', 'mist', 'roll', 'film', 'chef', 'toad', 'mall', 'bear', 'mama', 'seal', 'diva', 'girl', 'park', 'cave', 'nerd']","['nerd', 'diva', 'park', 'girl', 'mama', 'road']"
23,fast,"['folk', 'taco', 'lake', 'wine', 'calf', 'tent', 'lock', 'door', 'dude', 'plum', 'salt', 'foot', 'desk', 'ring', 'film']","['film', 'ring', 'plum', 'desk', 'tent']"
24,fast,"['mask', 'goat', 'park', 'drum', 'hare', 'wolf', 'barn', 'nose', 'star', 'dust', 'gnat', 'road', 'shoe', 'soda', 'bike']","['bike', 'shoe', 'mask', 'goat', 'barn', 'goat', 'boar']"
25,fast,"['guru', 'port', 'chip', 'corn', 'lord', 'bowl', 'duck', 'lips', 'bull', 'tool', 'belt', 'isle', 'roll', 'crew', 'book']","['book', 'guru', 'isle', 'chip']"
26,fast,"['game', 'chef', 'back', 'fish', 'card', 'fire', 'head', 'dove', 'mall', 'pony', 'isle', 'clan', 'ball', 'fork', 'mist']","['fork', 'isle', 'game', 'chef', 'boss']"
27,fast,"['crab', 'mall', 'wall', 'cave', 'seal', 'taco', 'goat', 'cola', 'pond', 'park', 'salt', 'peak', 'peer', 'hero', 'rock']","['crab', 'mall', 'cave', 'wall', 'goat', 'taco']"
28,fast,"['gang', 'hare', 'tide', 'farm', 'wire', 'clam', 'roof', 'pita', 'chef', 'boot', 'cake', 'rain', 'dock', 'belt', 'dune']","['hare', 'rain', 'boot', 'clam']"
29,fast,"['lock', 'carp', 'foot', 'baby', 'girl', 'lion', 'lady', 'hare', 'mist', 'film', 'wrap', 'rock', 'face', 'plum', 'boot']","['boot', 'plum', 'lock', 'lady', 'girl']"
30,fast,"['duck', 'cart', 'hare', 'stew', 'pear', 'bean', 'star', 'note', 'twin', 'belt', 'beef', 'bush', 'fork', 'meat', 'town']","['bush', 'meat', 'hare', 'cart']"
31,fast,"['diva', 'roof', 'wire', 'coin', 'pear', 'hand', 'mask', 'duck', 'tide', 'folk', 'wave', 'worm', 'crab', 'cart', 'snow']","['diva', 'roof', 'wire', 'folk', 'crab', 'wave']"
32,fast,"['foot', 'worm', 'goat', 'cave', 'calf', 'diva', 'chip', 'roof', 'sock', 'wolf', 'skin', 'crab', 'boar', 'dove', 'loaf']","['boar', 'wolf', 'loaf', 'diva', 'cave', 'foot']"
33,fast,"['card', 'bowl', 'mall', 'stew', 'corn', 'bean', 'shoe', 'head', 'crab', 'city', 'wrap', 'dude', 'hand', 'sand', 'dove']","['card', 'bowl', 'crab', 'stew', 'sand']"
34,fast,"['cola', 'boss', 'shed', 'crow', 'rice', 'pals', 'lips', 'land', 'pipe', 'book', 'pony', 'beef', 'dock', 'skin', 'coin']","['pony', 'beef', 'dock', 'boss', 'soda', 'desk']"
35,fast,"['pipe', 'lion', 'rock', 'gulf', 'dove', 'lamb', 'roll', 'back', 'deer', 'port', 'wife', 'flag', 'game', 'crow', 'soup']","['soup', 'wife', 'game', 'flag', 'pole']"
36,fast,"['clip', 'nerd', 'chin', 'wave', 'game', 'team', 'folk', 'mask', 'road', 'wife', 'wall', 'coat', 'stew', 'lord', 'brat']","['brat', 'lord', 'chip', 'nerd', 'wife', 'road']"
37,fast,"['drum', 'seat', 'fire', 'wife', 'wave', 'dove', 'book', 'corn', 'wood', 'seal', 'roll', 'peak', 'beef', 'sand', 'bush']","['wife', 'beef', 'sand', 'roll', 'fire']"
38,fast,"['wine', 'girl', 'kite', 'mask', 'yard', 'wind', 'goat', 'coin', 'skin', 'meat', 'dove', 'fern', 'sand', 'shop', 'fish']","['wind', 'dove', 'wind', 'sand', 'kite']"
39,fast,"['rain', 'gulf', 'king', 'rock', 'lamb', 'mine', 'film', 'lord', 'kite', 'folk', 'mate', 'team', 'wife', 'sofa', 'sand']","['sand', 'wife', 'sofa', 'team', 'king', 'lord']"
40,normal,"['bean', 'card', 'mine', 'farm', 'hero', 'film', 'lake', 'lamb', 'soup', 'door', 'lord', 'clip', 'guru', 'hare', 'isle']","['lamb', 'soup', 'hare', 'gore', 'hero', 'bean', 'lord']"
41,normal,"['seal', 'shop', 'clan', 'toad', 'game', 'bull', 'fern', 'taco', 'fork', 'bowl', 'farm', 'diva', 'crow', 'wine', 'head']","['crow', 'wine', 'head', 'shop', 'seal', 'clan', 'card']"
42,normal,"['dust', 'stew', 'note', 'dune', 'fish', 'film', 'tide', 'ball', 'chip', 'mule', 'clan', 'plum', 'boss', 'ring', 'team']","['dust', 'dune', 'note', 'fill', 'clan', 'feel']"
43,normal,"['hare', 'tide', 'carp', 'lock', 'nose', 'drum', 'pond', 'shop', 'coat', 'barn', 'rope', 'foot', 'cave', 'park', 'lion']","['lion', 'hare', 'foot', 'nose', 'pond', 'rope', 'king']"
44,normal,"['wind', 'dust', 'lark', 'soil', 'skin', 'coat', 'tree', 'fish', 'drum', 'wolf', 'carp', 'mine', 'kite', 'worm', 'roof']","['carp', 'kite', 'roof', 'skin', 'soil', 'wind', 'dust', 'larp']"
45,normal,"['mate', 'neck', 'pond', 'folk', 'sand', 'mole', 'roof', 'dune', 'clam', 'pals', 'foot', 'tuna', 'crow', 'mist', 'park']","['mist', 'park', 'crow', 'mate', 'mole', 'pond', 'foot']"
46,normal,"['mask', 'soup', 'cave', 'plum', 'pear', 'hair', 'rice', 'bull', 'foot', 'worm', 'lamp', 'bush', 'game', 'isle', 'bear']","['bear', 'isle', 'worm', 'mask', 'bush', 'fish']"
47,normal,"['goat', 'path', 'wave', 'head', 'yard', 'pipe', 'cake', 'cart', 'tree', 'vest', 'mule', 'tide', 'mask', 'ring', 'rain']","['mask', 'ring', 'rain', 'goat', 'path', 'ring', 'wave', 'head', 'yeard']"
48,normal,"['ball', 'sock', 'hawk', 'desk', 'wall', 'chip', 'mall', 'papa', 'dock', 'tree', 'tool', 'mule', 'reef', 'plum', 'wave']","['mule', 'reef', 'plum', 'mist', 'tree', 'note']"
49,normal,"['land', 'rock', 'lamb', 'gulf', 'lady', 'wood', 'soda', 'mule', 'game', 'flag', 'mask', 'mole', 'reef', 'guru', 'deer']","['land', 'deer', 'reef', 'lady', 'soda', 'crab', 'guru', 'tree', 'sand']"
50,normal,"['ring', 'dock', 'boot', 'door', 'loaf', 'salt', 'port', 'nail', 'mask', 'reef', 'frog', 'seal', 'lake', 'yard', 'lips']","['frog', 'seal', 'lake', 'nail', 'door', 'port', 'dock', 'lips', 'ring', 'hand']"
51,normal,"['star', 'wire', 'milk', 'belt', 'lord', 'papa', 'fish', 'diva', 'taco', 'beer', 'book', 'clip', 'sand', 'face', 'sofa']","['lord', 'diva', 'star', 'belt', 'milk', 'taco', 'wire', 'papa']"
52,normal,"['fork', 'vest', 'hair', 'lord', 'mall', 'cave', 'tree', 'sand', 'city', 'town', 'lark', 'foot', 'lock', 'soil', 'mule']","['vest', 'fork', 'hair', 'cave', 'town', 'city', 'mall', 'foot', 'sand', 'lock']"
53,normal,"['toad', 'tree', 'chip', 'dune', 'bean', 'hero', 'town', 'lady', 'beer', 'desk', 'boar', 'mate', 'back', 'pals', 'nail']","['nail', 'pals', 'back', 'mate', 'lady', 'desk', 'city', 'town', 'toad', 'dune', 'bean', 'beer']"
54,normal,"['mist', 'door', 'maid', 'team', 'folk', 'baby', 'carp', 'mule', 'dune', 'neck', 'farm', 'wood', 'fern', 'wine', 'game']","['game', 'mist', 'farm', 'wood', 'baby', 'neck', 'mist', 'lady', 'dune']"
55,normal,"['fern', 'cart', 'sand', 'seat', 'mask', 'clan', 'pipe', 'bear', 'film', 'lark', 'gulf', 'isle', 'farm', 'face', 'gang']","['gang', 'gulf', 'farm', 'face', 'clan', 'pipe', 'bear', 'film']"
56,normal,"['mine', 'hill', 'lord', 'duck', 'wood', 'guru', 'lion', 'lamp', 'wall', 'salt', 'hare', 'carp', 'wave', 'shoe', 'moon']","['moon', 'wave', 'hare', 'shoe', 'lion', 'guru', 'carp']"
57,normal,"['bull', 'bike', 'swan', 'soil', 'wall', 'bear', 'barn', 'nail', 'nerd', 'mist', 'frog', 'gulf', 'road', 'folk', 'boot']","['boot', 'folk', 'road', 'nail', 'bear', 'bull', 'bike', 'swan', 'soil', 'wall', 'barn', 'nerd']"
58,normal,"['fire', 'brat', 'flag', 'lion', 'lips', 'skin', 'star', 'maid', 'wife', 'crow', 'pals', 'milk', 'pipe', 'sand', 'farm']","['farm', 'sand', 'star', 'maid', 'diva', 'fire', 'lion', 'lips', 'skin', 'pals', 'crow']"
59,normal,"['pear', 'girl', 'star', 'gang', 'pals', 'roof', 'fire', 'lady', 'brat', 'back', 'beer', 'clam', 'port', 'papa', 'ring']","['papa', 'ring', 'clam', 'port', 'pals', 'gang', 'lady', 'diva', 'fire', 'beer']"
60,fast,"['ball', 'hare', 'rope', 'drum', 'cake', 'hair', 'lord', 'bush', 'peer', 'seal', 'town', 'dock', 'tuna', 'bell', 'diva']","['tuna', 'bell', 'diva', 'hair', 'hair', 'ball']"
61,fast,"['wind', 'soup', 'neck', 'beef', 'ball', 'coin', 'salt', 'bull', 'wall', 'folk', 'deer', 'chef', 'mate', 'mask', 'rain']","['rain', 'wall', 'neck', 'wind', 'soup', 'neck', 'beef']"
62,fast,"['rain', 'fern', 'lady', 'baby', 'yard', 'barn', 'tent', 'wood', 'loaf', 'pals', 'sofa', 'coin', 'bike', 'coat', 'cart']","['coat', 'cart', 'rain', 'baby', 'lady']"
63,fast,"['sand', 'vest', 'cave', 'pond', 'dune', 'reef', 'crow', 'swan', 'soil', 'king', 'bear', 'nail', 'chip', 'duck', 'wood']","['chip', 'duck', 'wood', 'sand', 'nail']"
64,fast,"['soup', 'bowl', 'gnat', 'clan', 'crew', 'nose', 'lark', 'shed', 'face', 'gulf', 'swan', 'neck', 'park', 'papa', 'cola']","['papa', 'cola', 'guld', 'swan', 'neck', 'soup', 'bowl', 'clan']"
65,fast,"['lady', 'moon', 'door', 'lake', 'desk', 'bull', 'tide', 'fish', 'stew', 'drum', 'hair', 'cola', 'mate', 'film', 'crab']","['fish', 'stew', 'drum', 'hair', 'cola']"
66,fast,"['papa', 'hair', 'mask', 'cake', 'bush', 'belt', 'town', 'desk', 'bell', 'plum', 'cave', 'salt', 'shed', 'peer', 'folk']","['shed', 'peer', 'folk', 'papa', 'hair', 'belt', 'town', 'mask']"
67,fast,"['hawk', 'seat', 'hare', 'cave', 'wind', 'game', 'meat', 'duck', 'deer', 'mask', 'goat', 'coin', 'taco', 'tool', 'corn']","['corn', 'tool', 'hawk', 'seat', 'meat', 'duck', 'deer']"
68,fast,"['hawk', 'bean', 'chin', 'mate', 'moon', 'boot', 'gnat', 'door', 'mist', 'chef', 'diva', 'nerd', 'bear', 'wire', 'isle']","['wire', 'isle', 'hawk', 'bean', 'chin', 'mate', 'moon', 'boot']"
69,fast,"['milk', 'cake', 'meat', 'pita', 'cola', 'soil', 'nerd', 'ring', 'dust', 'shed', 'card', 'ball', 'swan', 'loaf', 'girl']","['girl', 'swan', 'milk', 'bean', 'meat']"
70,fast,"['farm', 'chip', 'bull', 'chin', 'crew', 'wine', 'rice', 'diva', 'rock', 'swan', 'coat', 'shed', 'deer', 'fish', 'loaf']","['farm', 'chip', 'bull', 'chin', 'rice', 'lady']"
71,fast,"['dust', 'path', 'diva', 'tent', 'crow', 'isle', 'peer', 'salt', 'clan', 'cola', 'lark', 'cave', 'film', 'boot', 'farm']","['dust', 'isle', 'peer', 'cola', 'farm']"
72,fast,"['ball', 'corn', 'mist', 'wall', 'cave', 'cake', 'nose', 'boot', 'drum', 'hand', 'bowl', 'peer', 'bell', 'wrap', 'team']","['corn', 'mist', 'bread', 'ball', 'team', 'bell', 'wrap']"
73,fast,"['toad', 'clip', 'card', 'wife', 'lion', 'hill', 'snow', 'hero', 'pond', 'crow', 'bush', 'barn', 'coin', 'soil', 'fern']","['toad', 'clip', 'farm', 'boil']"
74,fast,"['belt', 'roll', 'diva', 'film', 'boot', 'calf', 'dock', 'nail', 'carp', 'cart', 'note', 'beer', 'kite', 'seat', 'bean']","['seat', 'bean', 'belt', 'beer', 'nose']"
75,fast,"['yard', 'beef', 'boot', 'boar', 'hawk', 'salt', 'nose', 'game', 'boss', 'nerd', 'wine', 'seal', 'tuna', 'crew', 'isle']","['wine', 'seal', 'tuna', 'isle', 'yard', 'beef', 'boot']"
76,fast,"['coat', 'tide', 'corn', 'papa', 'taco', 'gang', 'clan', 'mask', 'guru', 'farm', 'lips', 'wine', 'crab', 'diva', 'port']","['wine', 'crab', 'diva', 'port']"
77,fast,"['baby', 'soda', 'fern', 'shop', 'ball', 'fish', 'loaf', 'rice', 'twin', 'folk', 'fire', 'head', 'beer', 'chef', 'guru']","['baby', 'soda', 'fern', 'shop', 'bean', 'chef', 'guru']"
78,fast,"['star', 'milk', 'mule', 'mist', 'bell', 'bean', 'tool', 'wife', 'face', 'boar', 'toad', 'calf', 'diva', 'gnat', 'chef']","['chef', 'gnat', 'star', 'milk', 'mule']"
79,fast,"['port', 'rain', 'nose', 'bull', 'clip', 'twin', 'cake', 'coin', 'lake', 'bike', 'moon', 'wave', 'crab', 'book', 'mist']","['port', 'milk', 'nose', 'rain', 'mule', 'mist', 'crab', 'bull']"
80,math,"['dove', 'clan', 'head', 'lady', 'mine', 'bike', 'cart', 'ring', 'mama', 'stew', 'salt', 'girl', 'farm', 'gnat', 'papa']","['stew', 'girl', 'papa', 'salt', 'farm', 'dove', 'ring']"
81,math,"['mama', 'sock', 'cart', 'cola', 'girl', 'fern', 'note', 'drum', 'goat', 'city', 'wire', 'seal', 'lock', 'shop', 'frog']","['seal', 'wire', 'city', 'girl', 'mama', 'cola', 'sock']"
82,math,"['tide', 'moon', 'rice', 'door', 'hawk', 'belt', 'sofa', 'roll', 'brat', 'barn', 'king', 'hero', 'mama', 'taco', 'meat']","['door', 'sofa', 'roll', 'bird', 'hero', 'mama', 'brat', 'taco', 'king', 'meat']"
83,math,"['shop', 'neck', 'wire', 'clam', 'flag', 'pear', 'fork', 'dust', 'town', 'bowl', 'milk', 'roof', 'desk', 'nail', 'stew']","['stew', 'bowl', 'town', 'wire', 'milk', 'roof', 'dust']"
84,math,"['peer', 'wolf', 'sand', 'stew', 'yard', 'chef', 'pony', 'bean', 'hero', 'rock', 'sofa', 'dock', 'meat', 'corn', 'toad']","['corn', 'toad', 'meat', 'chef', 'rock', 'wolf', 'sand', 'bean', 'ride']"
85,math,"['head', 'snow', 'bull', 'mama', 'skin', 'deer', 'roll', 'land', 'crab', 'fish', 'goat', 'beer', 'coat', 'crow', 'farm']","['head', 'mama', 'farm', 'fish', 'goat', 'deer', 'coat']"
86,math,"['gang', 'game', 'wire', 'note', 'folk', 'seat', 'mate', 'ring', 'duck', 'mama', 'bean', 'ball', 'roll', 'clip', 'lamp']","['note', 'ring', 'mama', 'game', 'duck', 'lamp', 'mate']"
87,math,"['lady', 'hare', 'crew', 'goat', 'wife', 'mate', 'bell', 'wood', 'fork', 'dock', 'chin', 'city', 'lamb', 'nose', 'star']","['lady', 'goat', 'wife', 'nose', 'star', 'bell', 'mate']"
88,math,"['book', 'tree', 'park', 'back', 'loaf', 'yard', 'mine', 'frog', 'note', 'shed', 'maid', 'hero', 'lamp', 'soil', 'drum']","['book', 'yard', 'frog', 'hero', 'lamp', 'drum']"
89,math,"['rope', 'mall', 'worm', 'carp', 'pita', 'book', 'bell', 'nerd', 'ring', 'wire', 'sock', 'vest', 'fern', 'seal', 'town']","['rope', 'book', 'bell', 'ring', 'seal', 'town', 'worm', 'fern']"
90,math,"['lark', 'sand', 'peer', 'mask', 'deer', 'soup', 'milk', 'tide', 'meat', 'isle', 'belt', 'hawk', 'note', 'roof', 'pony']","['lark', 'deer', 'soup', 'milk', 'tide', 'pony', 'meat']"
91,math,"['folk', 'coin', 'yard', 'land', 'boss', 'twin', 'dune', 'mama', 'game', 'pony', 'mall', 'park', 'dock', 'town', 'lake']","['folk', 'land', 'mama', 'game', 'twin', 'town', 'lake']"
92,math,"['soup', 'gang', 'beer', 'coin', 'aunt', 'hair', 'toad', 'door', 'tree', 'belt', 'vest', 'taco', 'fire', 'pipe', 'dust']","['soup', 'coin', 'door', 'taco', 'fire', 'dust', 'tree']"
93,math,"['stew', 'worm', 'mate', 'rice', 'seal', 'mole', 'clan', 'chin', 'foot', 'twin', 'rope', 'calf', 'hero', 'soup', 'fire']","['stew', 'seal', 'twin', 'rope', 'hero', 'soup', 'fire']"
94,math,"['fork', 'dude', 'ball', 'pony', 'face', 'hand', 'lips', 'nose', 'dune', 'diva', 'girl', 'fern', 'city', 'nerd', 'game']","['ball', 'face', 'girl', 'game', 'nose', 'pony', 'fern']"
95,math,"['back', 'mist', 'peer', 'brat', 'shoe', 'frog', 'beef', 'bull', 'peak', 'stew', 'hand', 'coin', 'salt', 'tool', 'diva']","['mist', 'stew', 'hand', 'salt', 'coin', 'frog', 'beef']"
96,math,"['card', 'park', 'note', 'rain', 'chef', 'peak', 'lake', 'fork', 'city', 'wind', 'shoe', 'mask', 'lamp', 'flag', 'loaf']","['card', 'rain', 'fork', 'lamp', 'lake', 'mask', 'flag']"
97,math,"['clip', 'bear', 'roll', 'peer', 'roof', 'soda', 'wrap', 'twin', 'nose', 'neck', 'nail', 'hare', 'tool', 'mall', 'dove']","['bear', 'roll', 'roof', 'wrap', 'nose', 'dove', 'twin']"
98,math,"['pony', 'yard', 'coin', 'gnat', 'lake', 'hand', 'door', 'cola', 'cart', 'foot', 'kite', 'beer', 'clam', 'tree', 'sofa']","['pony', 'coin', 'door', 'lake', 'foot', 'tree', 'sofa']"
99,math,"['deer', 'rice', 'taco', 'goat', 'nose', 'wire', 'back', 'snow', 'dove', 'tide', 'rock', 'soil', 'fern', 'fish', 'skin']","['deer', 'goat', 'tide', 'rock', 'fish', 'nose', 'dove', 'rice']"
100,break,"['ball', 'bull', 'pals', 'loaf', 'deer', 'cart', 'isle', 'mall', 'shoe', 'game', 'card', 'soda', 'papa', 'gnat', 'seat']","['gnat', 'seat', 'papa', 'soda', 'bull', 'mall', 'ball']"
101,break,"['back', 'chip', 'roof', 'meat', 'kite', 'hand', 'wolf', 'fork', 'mist', 'diva', 'papa', 'note', 'coin', 'baby', 'peer']","['baby', 'peer', 'papa', 'coin', 'wolf', 'mist']"
102,break,"['port', 'beef', 'gnat', 'boar', 'mist', 'shop', 'chip', 'star', 'farm', 'papa', 'dust', 'dune', 'reef', 'park', 'dove']","['dove', 'reef', 'park', 'bird', 'dune', 'papa', 'farm', 'dust']"
103,break,"['pita', 'desk', 'baby', 'fire', 'seat', 'coat', 'clan', 'tree', 'toad', 'salt', 'note', 'path', 'goat', 'door', 'fish']","['goat', 'path', 'door', 'fish', 'coat', 'clan', 'tree']"
104,break,"['lord', 'rain', 'soil', 'mist', 'shed', 'mole', 'pipe', 'tide', 'salt', 'tuna', 'fire', 'boar', 'loaf', 'chef', 'bike']","['rain', 'soil', 'tide', 'salt', 'fire', 'loaf', 'chef', 'bike']"
105,break,"['girl', 'nerd', 'head', 'coin', 'gnat', 'frog', 'bull', 'dude', 'diva', 'game', 'gang', 'wave', 'guru', 'skin', 'dune']","['girl', 'head', 'frog', 'game', 'wave', 'dune']"
106,break,"['ring', 'toad', 'clam', 'boot', 'barn', 'isle', 'fish', 'rock', 'gulf', 'land', 'dove', 'boss', 'reef', 'belt', 'tree']","['ring', 'toad', 'fish', 'rock', 'dove', 'reef', 'tree']"
107,break,"['mall', 'pita', 'snow', 'papa', 'crab', 'chef', 'yard', 'wall', 'hand', 'bell', 'path', 'tent', 'team', 'fern', 'mama']","['snow', 'papa', 'crab', 'chef', 'bell', 'mama']"
108,break,"['papa', 'mall', 'wind', 'isle', 'mate', 'ring', 'hare', 'boot', 'tool', 'yard', 'clip', 'wall', 'lark', 'pals', 'hand']","['papa', 'ring', 'boot', 'yard', 'mall', 'hand', 'isle', 'mate']"
109,break,"['pals', 'rain', 'lion', 'aunt', 'bike', 'milk', 'diva', 'taco', 'back', 'isle', 'rope', 'roof', 'mole', 'peer', 'tuna']","['rain', 'milk', 'taco', 'isle', 'roof', 'tuna', 'mole']"
110,break,"['lips', 'mule', 'beer', 'aunt', 'gang', 'cave', 'lamb', 'lamp', 'port', 'twin', 'pear', 'game', 'shoe', 'boss', 'cart']","['mule', 'beer', 'lamp', 'twin', 'pear', 'game', 'boss', 'cart']"
111,break,"['mine', 'hill', 'sofa', 'cola', 'pipe', 'mask', 'roll', 'deer', 'isle', 'fork', 'nose', 'lips', 'kite', 'desk', 'yard']","['hill', 'pipe', 'deer', 'nose', 'lips', 'yard']"
112,break,"['deer', 'city', 'tool', 'seal', 'wall', 'bike', 'worm', 'carp', 'papa', 'peak', 'chip', 'head', 'lion', 'cola', 'mate']","['deer', 'seal', 'papa', 'head', 'lion', 'mate', 'wall']"
113,break,"['clam', 'town', 'wind', 'barn', 'rock', 'tree', 'mole', 'lock', 'bush', 'beef', 'deer', 'mine', 'lark', 'wood', 'frog']","['town', 'rock', 'deer', 'mine', 'frog', 'barn', 'wind', 'tree']"
114,break,"['nail', 'cave', 'bear', 'chef', 'twin', 'roll', 'foot', 'city', 'dock', 'bowl', 'coin', 'skin', 'pear', 'baby', 'mate']","['nail', 'bear', 'chef', 'twin', 'coin', 'pear']"
115,break,"['note', 'reef', 'fork', 'milk', 'head', 'city', 'stew', 'wrap', 'gang', 'barn', 'boss', 'lord', 'bull', 'pear', 'roof']","['note', 'milk', 'head', 'stew', 'pear', 'roof', 'bull']"
116,break,"['fern', 'team', 'lamp', 'rice', 'neck', 'lion', 'reef', 'moon', 'bike', 'ring', 'road', 'frog', 'bell', 'coin', 'milk']","['lamp', 'lion', 'reef', 'moon', 'ring', 'frog', 'bell', 'milk']"
117,break,"['mall', 'star', 'meat', 'nail', 'bush', 'hero', 'boot', 'door', 'corn', 'pear', 'bell', 'lamb', 'crow', 'roof', 'team']","['star', 'hero', 'boot', 'door', 'bell', 'roof']"
118,break,"['hair', 'gnat', 'toad', 'hero', 'diva', 'bush', 'note', 'kite', 'tree', 'rock', 'book', 'cart', 'carp', 'frog', 'park']","['toad', 'hero', 'note', 'tree', 'rock', 'frog', 'park']"
119,break,"['pear', 'foot', 'toad', 'nail', 'tent', 'film', 'folk', 'boar', 'crab', 'maid', 'chin', 'cart', 'dust', 'brat', 'dove']","['foot', 'toad', 'film', 'crab', 'maid', 'dove', 'nail', 'tent']"
120,math,"['hand', 'mule', 'crew', 'soup', 'roll', 'rain', 'wolf', 'mine', 'sock', 'crab', 'frog', 'fire', 'shed', 'coat', 'plum']","['mine', 'wolf', 'frog', 'fire', 'plum', 'shed', 'coat']"
121,math,"['lion', 'lock', 'bowl', 'coin', 'wall', 'crow', 'fern', 'bike', 'fork', 'peak', 'loaf', 'team', 'bull', 'head', 'beer']","['lion', 'lock', 'bowl', 'coin', 'wall', 'crow', 'bull', 'bike']"
122,math,"['neck', 'kite', 'wrap', 'coat', 'roof', 'chin', 'diva', 'bell', 'tuna', 'sofa', 'mask', 'meat', 'team', 'dune', 'chip']","['kite', 'neck', 'coat', 'roof', 'diva', 'sofa', 'meat', 'crew', 'chip']"
123,math,"['shoe', 'wind', 'city', 'neck', 'drum', 'lamb', 'snow', 'swan', 'duck', 'tool', 'loaf', 'crab', 'hair', 'head', 'soda']","['city', 'shoe', 'wind', 'snow', 'lamb', 'goat']"
124,math,"['peer', 'king', 'wine', 'cart', 'rock', 'city', 'hair', 'salt', 'baby', 'barn', 'lips', 'rain', 'bike', 'cake', 'hawk']","['king', 'city', 'cart', 'rock', 'hair']"
125,math,"['fork', 'lamb', 'belt', 'folk', 'hand', 'cart', 'goat', 'clip', 'sofa', 'desk', 'bull', 'lord', 'wood', 'chip', 'rope']","['sofa', 'chip', 'chip', 'goat', 'bull']"
126,math,"['mule', 'fork', 'head', 'guru', 'sock', 'hill', 'port', 'land', 'door', 'wave', 'dock', 'worm', 'stew', 'wolf', 'clam']","['fork', 'guru', 'sock', 'land', 'hill', 'port', 'worm', 'wolf', 'stew']"
127,math,"['bowl', 'dust', 'calf', 'card', 'worm', 'farm', 'wolf', 'hawk', 'corn', 'vest', 'yard', 'pear', 'peak', 'seat', 'nail']","['bowl', 'dust', 'yard', 'farm', 'worm', 'wolf', 'peak', 'pear', 'seat']"
128,math,"['nerd', 'mule', 'wire', 'shed', 'seat', 'drum', 'folk', 'foot', 'gnat', 'beer', 'swan', 'crab', 'maid', 'bull', 'mine']","['nerd', 'wire', 'shed', 'seat', 'drum', 'folk', 'beer', 'maid', 'bull', 'swan']"
129,math,"['coin', 'bean', 'fire', 'path', 'cake', 'nerd', 'wind', 'tree', 'kite', 'tent', 'cave', 'bowl', 'clip', 'soup', 'shoe']","['cave', 'bowl', 'soup', 'clip', 'bowl', 'bean', 'coin']"
130,math,"['vest', 'foot', 'bear', 'door', 'tide', 'goat', 'farm', 'king', 'roll', 'park', 'town', 'note', 'wood', 'plum', 'gang']","['king', 'roll', 'town', 'wood', 'plum', 'goat', 'bear', 'door']"
131,math,"['loaf', 'barn', 'reef', 'carp', 'hill', 'star', 'lord', 'city', 'port', 'shed', 'lion', 'gnat', 'hand', 'lips', 'gang']","['loaf', 'barn', 'hill', 'shed', 'moon', 'star', 'lord', 'city', 'port']"
132,math,"['pals', 'reef', 'hare', 'foot', 'wife', 'beef', 'park', 'bull', 'tent', 'calf', 'road', 'tuna', 'nail', 'hand', 'diva']","['tuna', 'reef', 'pals', 'hare', 'foot', 'diva']"
133,math,"['plum', 'team', 'milk', 'barn', 'coin', 'soda', 'face', 'lion', 'bowl', 'fish', 'boar', 'lake', 'road', 'brat', 'shed']","['lake', 'bear', 'barn', 'fish', 'bowl', 'coin', 'milk', 'road']"
134,math,"['boot', 'seal', 'lamp', 'isle', 'city', 'path', 'cola', 'nail', 'brat', 'frog', 'moon', 'shop', 'wrap', 'salt', 'note']","['moon', 'brat', 'nail', 'soda', 'shop', 'city']"
135,math,"['brat', 'toad', 'moon', 'tuna', 'park', 'maid', 'worm', 'pond', 'tool', 'pipe', 'mask', 'crow', 'chef', 'yard', 'milk']","['pond', 'maid', 'tuna', 'moon', 'tool', 'pibe', 'mask', 'chef']"
136,math,"['mask', 'dune', 'frog', 'mama', 'milk', 'fork', 'wine', 'clan', 'flag', 'pear', 'pony', 'fern', 'cave', 'seat', 'baby']","['flag', 'pear', 'pony', 'fern', 'cave', 'seat', 'baby']"
137,math,"['fork', 'peer', 'path', 'back', 'hair', 'coat', 'beer', 'lamp', 'tuna', 'sock', 'peak', 'rice', 'crab', 'king', 'mall']","['hair', 'coat', 'back', 'beer', 'path']"
138,math,"['lips', 'deer', 'dust', 'frog', 'cola', 'girl', 'film', 'lake', 'soup', 'nail', 'hair', 'rope', 'book', 'pony', 'swan']","['deer', 'lips', 'dust', 'frog', 'girl', 'film', 'soup', 'book', 'rope']"
139,math,"['chef', 'stew', 'lamb', 'tool', 'diva', 'wrap', 'seal', 'salt', 'lord', 'flag', 'nose', 'guru', 'lark', 'hair', 'book']","['chef', 'stew', 'lamb', 'diva', 'lark', 'salt', 'guru', 'lord', 'hair']"
140,break,"['beef', 'bowl', 'diva', 'nose', 'tool', 'kite', 'pond', 'bean', 'lips', 'mate', 'lark', 'fork', 'pita', 'flag', 'port']","['diva', 'lips', 'port', 'flag']"
141,break,"['crow', 'bowl', 'door', 'lark', 'chip', 'papa', 'mall', 'gang', 'wife', 'skin', 'shoe', 'shop', 'wind', 'crab', 'tree']","['papa', 'mall', 'gang', 'wife', 'she', 'shoe', 'wind', 'shop']"
142,break,"['game', 'lamb', 'dust', 'lark', 'seat', 'swan', 'city', 'boar', 'desk', 'chin', 'nail', 'lion', 'gnat', 'peer', 'cart']","['hawk', 'city', 'lion', 'boar', 'chin', 'nail', 'desk']"
143,break,"['cola', 'hand', 'neck', 'team', 'baby', 'dude', 'mall', 'star', 'sofa', 'dove', 'pear', 'wine', 'mask', 'shoe', 'fern']","['mall', 'soda', 'hand', 'neck', 'team', 'baby', 'dude', 'star', 'sofa']"
144,break,"['deer', 'lips', 'hawk', 'ball', 'pony', 'seat', 'rock', 'team', 'bean', 'boot', 'gang', 'reef', 'twin', 'seal', 'face']","['ball', 'pony', 'deer', 'li√•s', 'lips', 'hawk']"
145,break,"['neck', 'lips', 'guru', 'bell', 'chip', 'stew', 'corn', 'note', 'worm', 'beef', 'clam', 'sofa', 'duck', 'wood', 'barn']","['neck', 'lips', 'guru', 'farm', 'corn', 'note', 'worm', 'sofa', 'duck']"
146,break,"['pita', 'game', 'wood', 'lips', 'mall', 'chin', 'wall', 'seat', 'cave', 'bull', 'bowl', 'flag', 'crew', 'frog', 'wire']","['pita', 'game', 'lips', 'mall', 'chin', 'wall', 'seat']"
147,break,"['fork', 'mine', 'drum', 'pear', 'town', 'sand', 'kite', 'game', 'worm', 'brat', 'soup', 'calf', 'wind', 'farm', 'foot']","['bomb', 'drum', 'pear', 'town', 'city', 'sand', 'kite', 'brat', 'foot']"
148,break,"['swan', 'wrap', 'moon', 'guru', 'shoe', 'coat', 'neck', 'book', 'wife', 'desk', 'nose', 'fish', 'rice', 'star', 'head']","['duck', 'wrap', 'moon', 'guru', 'coat', 'lady', 'girl', 'desk', 'book', 'nose', 'fish', 'rice']"
149,break,"['snow', 'gang', 'star', 'wood', 'deer', 'bush', 'pals', 'lady', 'skin', 'door', 'fire', 'head', 'sock', 'hill', 'tree']","['crew', 'team', 'snow', 'wood', 'deer', 'bush', 'lady', 'hill', 'skin', 'door', 'fire', 'head']"
150,break,"['nerd', 'team', 'coat', 'goat', 'hand', 'lake', 'reef', 'wire', 'barn', 'soil', 'mist', 'clan', 'pond', 'milk', 'tuna']","['nerd', 'team', 'goat', 'hand', 'lake', 'pond', 'tuna', 'milk']"
151,break,"['salt', 'nose', 'king', 'bull', 'mall', 'desk', 'deer', 'meat', 'pony', 'coat', 'ring', 'wine', 'face', 'frog', 'lock']","['king', 'salt', 'nose', 'bull', 'deer', 'desk', 'meat', 'pony']"
152,break,"['soil', 'king', 'wind', 'yard', 'toad', 'bike', 'worm', 'tide', 'crew', 'pond', 'milk', 'card', 'nose', 'clip', 'plum']","['crew', 'milk', 'pond']"
153,break,"['barn', 'rock', 'deer', 'sock', 'sand', 'soil', 'vest', 'calf', 'peak', 'ring', 'clam', 'worm', 'folk', 'soup', 'pond']","['barn', 'deer', 'rock', 'sand', 'sock', 'soil']"
154,break,"['soil', 'card', 'boot', 'hawk', 'dune', 'crow', 'calf', 'tide', 'lord', 'bush', 'land', 'note', 'taco', 'dove', 'yard']","['crow', 'dove', 'lord', 'lake', 'pond']"
155,break,"['book', 'nose', 'isle', 'swan', 'flag', 'bowl', 'belt', 'foot', 'nerd', 'brat', 'carp', 'seal', 'yard', 'baby', 'dune']","['book', 'nose', 'isle', 'swan', 'flag', 'bowl', 'belt', 'nerd', 'foot', 'brat']"
156,break,"['bull', 'boot', 'lock', 'sand', 'king', 'farm', 'chip', 'crew', 'twin', 'peak', 'nail', 'soda', 'pals', 'worm', 'ring']","['ring', 'nail', 'soda']"
157,break,"['lamb', 'kite', 'bike', 'shoe', 'lake', 'pear', 'folk', 'wolf', 'barn', 'deer', 'stew', 'boot', 'peer', 'card', 'land']","['barn', 'goat', 'kite', 'shoe', 'wolf', 'deer', 'lake', 'folk']"
158,break,"['beer', 'sofa', 'boss', 'folk', 'rock', 'coat', 'girl', 'nerd', 'lion', 'rope', 'cake', 'bean', 'wind', 'corn', 'meat']","['beer', 'sofa', 'boss', 'rock', 'coat', 'girl', 'nerd']"
159,break,"['clan', 'beef', 'gnat', 'gang', 'lock', 'soda', 'folk', 'rice', 'loaf', 'nerd', 'meat', 'twin', 'lark', 'dock', 'star']","['clan', 'beef', 'loaf', 'wine', 'folk', 'crew']"
160,normal,"['roof', 'kite', 'fern', 'hawk', 'coat', 'sand', 'flag', 'soup', 'lips', 'seat', 'belt', 'town', 'carp', 'tide', 'lark']","['roof', 'kite', 'belt', 'fern', 'seat', 'belt', 'lark']"
161,normal,"['lamb', 'toad', 'chef', 'sand', 'film', 'desk', 'bush', 'neck', 'duck', 'wall', 'boss', 'yard', 'kite', 'rice', 'wrap']","['lamb', 'chef', 'wrap']"
162,normal,"['belt', 'girl', 'hare', 'coat', 'wind', 'foot', 'hand', 'pond', 'sofa', 'star', 'pals', 'game', 'shop', 'seal', 'book']","['girl', 'sofa', 'star', 'pond', 'belt', 'book']"
163,normal,"['isle', 'milk', 'belt', 'barn', 'tree', 'guru', 'crab', 'bowl', 'gulf', 'fern', 'clam', 'game', 'back', 'shed', 'mall']","['clam', 'fern', 'mall', 'book', 'shell']"
164,normal,"['isle', 'city', 'frog', 'bowl', 'deer', 'port', 'reef', 'carp', 'maid', 'mist', 'vest', 'gang', 'meat', 'shop', 'dude']","['isle', 'city', 'frog', 'bowl', 'deer', 'carp']"
165,normal,"['cave', 'rice', 'toad', 'seat', 'pond', 'cola', 'bean', 'nail', 'wave', 'goat', 'fire', 'loaf', 'lord', 'nose', 'sand']","['cave', 'rice', 'toad', 'pond', 'bean', 'loaf', 'fire']"
166,normal,"['wind', 'pita', 'beef', 'fire', 'belt', 'hand', 'shop', 'pony', 'road', 'boss', 'mist', 'rock', 'tent', 'book', 'lord']","['wind', 'pita', 'meat', 'shop', 'lord', 'fire', 'book']"
167,normal,"['deer', 'park', 'stew', 'card', 'pipe', 'seal', 'bowl', 'yard', 'mama', 'hair', 'sock', 'duck', 'coin', 'taco', 'pals']","['deer', 'park', 'stew', 'card', 'bowl', 'coin']"
168,normal,"['peer', 'wall', 'hill', 'book', 'desk', 'chip', 'fish', 'note', 'mole', 'wire', 'tuna', 'hand', 'corn', 'dove', 'skin']","['peer', 'wall', 'fish', 'chip', 'bowl']"
169,normal,"['desk', 'lake', 'diva', 'meat', 'hawk', 'nose', 'rock', 'mule', 'taco', 'guru', 'pony', 'calf', 'crew', 'cake', 'wall']","['desk', 'meat', 'park', 'hawk', 'nose', 'park']"
170,normal,"['isle', 'mist', 'tent', 'wave', 'clam', 'lamp', 'port', 'loaf', 'corn', 'hawk', 'mine', 'diva', 'mate', 'coin', 'note']","['isle', 'mist', 'tent', 'clam', 'wait', 'port', 'coin', 'guru']"
171,normal,"['dove', 'wine', 'town', 'bowl', 'wave', 'milk', 'sofa', 'door', 'card', 'fork', 'loaf', 'wood', 'diva', 'swan', 'bean']","['dove', 'wine', 'town', 'bowl', 'door', 'card', 'diva']"
172,normal,"['lips', 'diva', 'pony', 'town', 'bean', 'deer', 'maid', 'vest', 'star', 'bear', 'stew', 'boss', 'boar', 'snow', 'meat']","['diva', 'lips', 'pony', 'town', 'star', 'bear', 'meat', 'lips']"
173,normal,"['frog', 'bush', 'pony', 'port', 'park', 'nose', 'shed', 'dust', 'fish', 'shoe', 'mule', 'wall', 'dove', 'dock', 'lord']","['forg', 'bush', 'pony', 'port', 'fish', 'shed', 'dock', 'lord']"
174,normal,"['soda', 'hare', 'king', 'hero', 'toad', 'lion', 'rock', 'dust', 'isle', 'crow', 'clam', 'lake', 'plum', 'shed', 'sofa']","['soda', 'hare', 'king', 'clam', 'head']"
175,normal,"['rock', 'book', 'pony', 'cart', 'fish', 'wind', 'hill', 'nail', 'snow', 'pita', 'bush', 'salt', 'stew', 'lady', 'brat']","['brat', 'rock', 'cold', 'pony', 'cart', 'fish', 'hill']"
176,normal,"['ball', 'wife', 'coin', 'barn', 'crab', 'pond', 'goat', 'star', 'peer', 'seal', 'mule', 'dove', 'seat', 'loaf', 'pear']","['ball', 'wife', 'grab', 'goat', 'star', 'pond', 'gold', 'peer']"
177,normal,"['port', 'brat', 'bean', 'hair', 'team', 'boss', 'diva', 'clan', 'moon', 'chip', 'crow', 'lake', 'head', 'sand', 'chef']","['port', 'brat', 'diva', 'head', 'team', 'club']"
178,normal,"['belt', 'flag', 'sand', 'rock', 'crow', 'lock', 'drum', 'goat', 'clan', 'face', 'mall', 'port', 'folk', 'reef', 'mule']","['boat', 'club', 'clam', 'rock', 'belt', 'sand', 'mule', 'face']"
179,normal,"['mall', 'door', 'pals', 'back', 'ring', 'sand', 'lake', 'lion', 'corn', 'tree', 'foot', 'kite', 'wine', 'dove', 'vest']","['mall', 'door', 'ring', 'kite']"
180,normal,"['town', 'soda', 'mate', 'clam', 'goat', 'drum', 'gulf', 'yard', 'wine', 'coin', 'gnat', 'hill', 'rock', 'back', 'lake']","['town', 'surm', 'mate', 'clam', 'gulf', 'yard']"
181,fast,"['wood', 'mule', 'roll', 'coat', 'tool', 'star', 'guru', 'path', 'reef', 'crab', 'snow', 'tide', 'mole', 'lamp', 'hare']","['hare', 'mmole', 'guru', 'gold', 'cart']"
182,fast,"['chin', 'crew', 'belt', 'soda', 'girl', 'roll', 'reef', 'seal', 'twin', 'taco', 'book', 'door', 'goat', 'lord', 'shed']","['tin', 'crew', 'gold', 'door', 'golf', 'seal', 'yard', 'mule']"
183,fast,"['mist', 'wall', 'town', 'hero', 'girl', 'coin', 'cola', 'mask', 'roof', 'chin', 'lady', 'lock', 'mule', 'belt', 'pals']","['mist', 'town', 'wall', 'hero', 'gold', 'cart', 'chin']"
184,fast,"['pony', 'star', 'lion', 'lake', 'land', 'ring', 'wind', 'crab', 'port', 'lark', 'wrap', 'team', 'goat', 'clam', 'isle']","['pony', 'star', 'lion', 'lake', 'clam', 'team', 'gold']"
185,fast,"['wine', 'back', 'hawk', 'cave', 'face', 'kite', 'lamp', 'lady', 'wife', 'bush', 'wave', 'roof', 'bowl', 'boar', 'shed']","['wine', 'cave', 'face', 'lamb', 'kite', 'boar', 'shed']"
186,fast,"['corn', 'crow', 'shed', 'goat', 'seal', 'chip', 'chin', 'girl', 'bell', 'head', 'folk', 'note', 'hand', 'kite', 'cart']","['corn', 'crow', 'seal', 'chip', 'fork', 'card']"
187,fast,"['tent', 'rock', 'frog', 'face', 'fork', 'vest', 'flag', 'hero', 'stew', 'cola', 'card', 'sofa', 'nerd', 'snow', 'milk']","['tent', 'card', 'face', 'soda', 'coin', 'gold']"
188,fast,"['chin', 'meat', 'hero', 'clip', 'papa', 'back', 'skin', 'twin', 'pipe', 'chef', 'wood', 'mask', 'wire', 'yard', 'dove']","['chin', 'clip', 'hero', 'meat', 'papa', 'back', 'wolf', 'skin']"
189,fast,"['pond', 'head', 'skin', 'nerd', 'salt', 'seal', 'cave', 'hawk', 'king', 'bean', 'shop', 'ball', 'fern', 'chip', 'moon']","['pond', 'head', 'moon', 'chip', 'fern', 'seal', 'star']"
190,fast,"['coin', 'calf', 'guru', 'mask', 'papa', 'chip', 'mole', 'pear', 'carp', 'mall', 'wall', 'plum', 'skin', 'card', 'beer']","['card', 'beer', 'coin', 'mask', 'chip', 'gold', 'mall', 'wall', 'gulf']"
191,fast,"['gnat', 'dove', 'corn', 'fire', 'wood', 'loaf', 'bear', 'chef', 'king', 'gulf', 'peer', 'nerd', 'isle', 'crab', 'papa']","['gnat', 'dove', 'gold', 'coin', 'wire', 'card', 'gulf']"
192,fast,"['face', 'fire', 'swan', 'wolf', 'wave', 'duck', 'calf', 'king', 'port', 'hare', 'diva', 'path', 'isle', 'mule', 'chip']","['face', 'coin', 'wolf', 'isle', 'mule', 'card', 'king']"
193,fast,"['deer', 'rock', 'barn', 'dust', 'swan', 'wood', 'wall', 'fire', 'roll', 'brat', 'girl', 'clam', 'dune', 'neck', 'chip']","['deer', 'rock', 'barn', 'dust', 'swan', 'roll', 'clam']"
194,fast,"['chef', 'bull', 'rope', 'frog', 'city', 'neck', 'farm', 'mine', 'soil', 'film', 'path', 'tool', 'card', 'lady', 'nail']","['nail', 'chef', 'rock', 'boil', 'farm']"
195,fast,"['sock', 'wire', 'mate', 'barn', 'toad', 'note', 'gang', 'dust', 'road', 'peer', 'bull', 'town', 'shoe', 'wave', 'lamp']","['bool', 'tool', 'lamp', 'suck', 'mire', 'clam', 'road']"
196,fast,"['ring', 'path', 'beer', 'mall', 'papa', 'park', 'roof', 'belt', 'rain', 'seat', 'tool', 'soda', 'clam', 'crew', 'cart']","['soda', 'clam', 'crew', 'cart', 'ring', 'papa', 'wolf']"
197,fast,"['clip', 'pita', 'game', 'vest', 'drum', 'clan', 'seal', 'tent', 'isle', 'hero', 'guru', 'kite', 'hare', 'face', 'fire']","['face', 'fire', 'isle', 'hero', 'guru', 'tent', 'seal', 'clam']"
198,fast,"['gang', 'crew', 'sock', 'drum', 'road', 'worm', 'boss', 'dust', 'pals', 'pipe', 'yard', 'town', 'isle', 'clam', 'salt']","['isle', 'clam', 'salt', 'road', 'boss', 'town', 'dock']"
199,fast,"['pond', 'peak', 'hawk', 'dune', 'gnat', 'hero', 'boar', 'bell', 'clan', 'wire', 'clam', 'wall', 'wrap', 'swan', 'beer']","['swan', 'beer', 'pond', 'belt', 'wall', 'clam', 'dear']"
200,fast,"['wall', 'path', 'reef', 'frog', 'mule', 'chef', 'lake', 'desk', 'pita', 'wolf', 'bull', 'boar', 'town', 'coat', 'moon']","['wall', 'path', 'rita', 'desk', 'boar', 'town', 'pitaa', 'pita', 'mule']"
201,break,"['coin', 'loaf', 'drum', 'nose', 'desk', 'dune', 'papa', 'hand', 'farm', 'gulf', 'mole', 'path', 'rope', 'bear', 'cake']","['coin', 'loft', 'desk', 'dune', 'papa', 'bear', 'grow', 'pear']"
202,break,"['vest', 'mist', 'hawk', 'tool', 'beer', 'beef', 'wrap', 'clip', 'sock', 'mama', 'salt', 'dust', 'foot', 'boot', 'lock']","['vest', 'mist', 'hawk', 'tool', 'beer', 'beef', 'clap', 'wrip', 'lock']"
203,break,"['chip', 'wrap', 'isle', 'chin', 'goat', 'mole', 'maid', 'soil', 'boss', 'guru', 'cola', 'hero', 'taco', 'rope', 'shed']","['chin', 'wrap', 'isle', 'king', 'soda', 'hero']"
204,break,"['lord', 'hawk', 'coat', 'tent', 'beer', 'lips', 'neck', 'hero', 'film', 'fire', 'lark', 'fork', 'rope', 'wind', 'wife']","['lord', 'hawk', 'cold', 'hope', 'neck', 'hero', 'lips']"
205,break,"['chip', 'clam', 'crab', 'game', 'foot', 'soil', 'lord', 'book', 'coat', 'bowl', 'lion', 'mate', 'boot', 'hand', 'fork']","['chin', 'clam', 'crap', 'boot', 'foot', 'soil', 'goat', 'foot', 'hand']"
206,break,"['cart', 'folk', 'toad', 'corn', 'card', 'isle', 'milk', 'path', 'shed', 'fire', 'roll', 'tuna', 'bush', 'boss', 'wife']","['path', 'fire', 'cart', 'card', 'roll', 'wife', 'coin', 'town']"
207,break,"['film', 'beer', 'deer', 'clam', 'salt', 'coin', 'tent', 'neck', 'bush', 'bell', 'tuna', 'maid', 'mall', 'chef', 'seat']","['film', 'deer', 'beer', 'neck', 'tent', 'mall', 'chef']"
208,break,"['soup', 'carp', 'ring', 'tent', 'milk', 'card', 'cart', 'chef', 'lake', 'lion', 'back', 'belt', 'gang', 'ball', 'mama']","['soup', 'carp', 'ring', 'belt', 'chef', 'card']"
209,break,"['bell', 'dune', 'clan', 'gang', 'game', 'hawk', 'corn', 'mall', 'hair', 'lamb', 'beef', 'mask', 'cola', 'flag', 'chip']","['film', 'dune', 'gang', 'mall', 'goat', 'chip', 'flag', 'cola']"
210,break,"['loaf', 'sock', 'twin', 'carp', 'hare', 'tide', 'beef', 'diva', 'bike', 'barn', 'mama', 'hand', 'moon', 'nail', 'pond']","['beef', 'diva', 'bike', 'barn', 'mom', 'hand', 'moon', 'pond', 'nail']"
211,break,"['seat', 'wine', 'cake', 'gnat', 'fire', 'wife', 'wire', 'lady', 'fork', 'bike', 'brat', 'toad', 'face', 'path', 'skin']","['seat', 'cake', 'wine', 'gnat', 'fire', 'wife', 'wire', 'fork', 'bike']"
212,break,"['ball', 'pear', 'town', 'boss', 'pita', 'farm', 'tide', 'rice', 'worm', 'tent', 'mine', 'nerd', 'coat', 'crew', 'papa']","['ball', 'pear', 'town', 'boss', 'farm', 'tide', 'rice', 'worm', 'tent', 'nerd', 'gang', 'papa']"
213,break,"['wall', 'bell', 'pear', 'coin', 'chin', 'clip', 'clan', 'milk', 'fern', 'beer', 'soda', 'papa', 'king', 'road', 'lock']","['chin', 'clip', 'clan', 'fern', 'beer', 'soda', 'papa', 'king', 'road', 'lock']"
214,break,"['kite', 'diva', 'papa', 'moon', 'gang', 'maid', 'goat', 'stew', 'mate', 'cola', 'mama', 'taco', 'bike', 'cave', 'belt']","['diva', 'kite', 'papa', 'gang', 'goat', 'stew', 'kick', 'mama', 'bike', 'cave', 'belt']"
215,break,"['fire', 'crab', 'gulf', 'nerd', 'flag', 'farm', 'crow', 'frog', 'city', 'bowl', 'lark', 'lake', 'fish', 'coin', 'foot']","['fire', 'toad', 'nerd', 'flag', 'farm', 'crow', 'frog', 'city', 'bowl', 'lark', 'lake', 'fish', 'coin', 'foot']"
216,break,"['soil', 'plum', 'face', 'chip', 'mall', 'carp', 'mask', 'coin', 'neck', 'dock', 'fork', 'isle', 'card', 'belt', 'peak']","['face', 'chip', 'card', 'coin', 'neck', 'dock', 'fork', 'isle']"
217,break,"['soda', 'shoe', 'twin', 'door', 'fish', 'film', 'roof', 'beer', 'lady', 'rock', 'foot', 'gnat', 'pony', 'back', 'clip']","['fish', 'film', 'lady', 'beer', 'foot', 'gnat', 'horse', 'back']"
218,break,"['plum', 'town', 'fork', 'belt', 'lamp', 'dune', 'milk', 'yard', 'lake', 'park', 'hare', 'fern', 'gang', 'wolf', 'hill']","['plum', 'town', 'pond', 'park', 'hare', 'fern', 'gang', 'wolf', 'hill']"
219,break,"['sofa', 'book', 'beef', 'wood', 'lord', 'chef', 'hawk', 'bear', 'gnat', 'beer', 'hero', 'hare', 'chip', 'dove', 'game']","['sofa', 'book', 'beef', 'wood', 'lord', 'hawk', 'chef', 'bear', 'gnat', 'dove', 'game']"
220,break,"['pita', 'loaf', 'dust', 'sand', 'tent', 'drum', 'gnat', 'pond', 'road', 'crew', 'brat', 'tuna', 'diva', 'film', 'flag']","['pita', 'laof', 'dust', 'sand', 'tent', 'gnat', 'brat', 'drum', 'lake', 'diva', 'film', 'flag']"
221,math,"['soil', 'crew', 'hand', 'tool', 'milk', 'roll', 'bush', 'rice', 'lamp', 'chip', 'carp', 'city', 'nose', 'king', 'tent']","['city', 'king', 'nose', 'soil', 'crew']"
222,math,"['isle', 'meat', 'lake', 'book', 'kite', 'wall', 'path', 'lamb', 'pals', 'back', 'reef', 'flag', 'dune', 'roof', 'cave']","['meat', 'isle', 'lake', 'book', 'kite', 'wall', 'road', 'back', 'roof', 'cave', 'flag']"
223,math,"['bull', 'duck', 'roof', 'king', 'worm', 'shop', 'dock', 'town', 'lark', 'ring', 'pear', 'mask', 'pipe', 'hero', 'cake']","['bull', 'duck', 'roof', 'king', 'worm', 'shop', 'town', 'lark', 'ring', 'pear', 'hero', 'cake']"
224,math,"['lamp', 'mall', 'barn', 'king', 'maid', 'wire', 'chin', 'hill', 'mist', 'yard', 'nail', 'face', 'sofa', 'baby', 'peer']","['king', 'maid', 'baby', 'sofa', 'wire', 'chin', 'mist', 'yard']"
225,math,"['wife', 'rope', 'ball', 'crew', 'mist', 'king', 'wire', 'wall', 'reef', 'clam', 'pony', 'calf', 'card', 'lark', 'cake']","['wife', 'rope', 'ball', 'crew', 'mist', 'king', 'wire', 'wall', 'reef', 'clam', 'pony', 'calf', 'card']"
226,math,"['ball', 'beef', 'fire', 'wire', 'snow', 'swan', 'stew', 'skin', 'lark', 'town', 'milk', 'moon', 'bowl', 'nose', 'mama']","['ball', 'beef', 'wire', 'wire', 'snow', 'swan', 'stew', 'skin', 'lark', 'town']"
227,math,"['bowl', 'clip', 'cave', 'crew', 'tide', 'game', 'rice', 'lamb', 'soda', 'coat', 'lake', 'swan', 'isle', 'gang', 'pear']","['clip', 'crew', 'lamb', 'coat', 'lake', 'swan', 'beef', 'gang', 'pear']"
228,math,"['face', 'clam', 'corn', 'bell', 'duck', 'swan', 'calf', 'shop', 'frog', 'boot', 'team', 'vest', 'mine', 'film', 'tuna']","['corn', 'bell', 'duck', 'shop', 'toad', 'boot', 'vest', 'mine', 'film', 'tuna', 'face', 'clam']"
229,math,"['pond', 'face', 'lips', 'beer', 'wave', 'king', 'back', 'roof', 'tool', 'hare', 'fern', 'game', 'hawk', 'boar', 'frog']","['lake', 'face', 'lips', 'beer', 'wave', 'king', 'back', 'roof', 'tool', 'hare', 'fern', 'game', 'goat', 'frog', 'bull']"
230,math,"['pipe', 'lips', 'dune', 'mask', 'toad', 'rain', 'soda', 'beef', 'hero', 'clam', 'face', 'snow', 'film', 'clip', 'soil']","['pipe', 'lips', 'dune', 'mask', 'toad', 'rain', 'soda', 'beef', 'hero', 'face', 'snow', 'film', 'clip', 'soil']"
231,math,"['chip', 'wire', 'note', 'carp', 'sofa', 'wife', 'lady', 'dock', 'mall', 'frog', 'neck', 'folk', 'deer', 'bush', 'rock']","['carp', 'wife', 'lady', 'dock', 'mall', 'sofa', 'hero']"
232,math,"['back', 'card', 'chip', 'reef', 'lamp', 'fern', 'bull', 'team', 'peer', 'farm', 'bush', 'salt', 'pear', 'carp', 'pals']","['bull', 'team', 'peer', 'farm', 'pear', 'carp', 'pals']"
233,math,"['coin', 'boar', 'tuna', 'path', 'drum', 'book', 'foot', 'wall', 'king', 'hand', 'milk', 'frog', 'head', 'hawk', 'lion']","['foot', 'wall', 'hand', 'king', 'toad', 'head', 'lion', 'hawk']"
234,math,"['bean', 'soda', 'back', 'city', 'reef', 'plum', 'swan', 'pony', 'isle', 'shoe', 'cave', 'carp', 'wire', 'mist', 'cake']","['bean', 'soda', 'back', 'city', 'plum', 'swan', 'pony', 'isle', 'cave', 'carp', 'wire', 'mist']"
235,math,"['coin', 'meat', 'dude', 'tree', 'milk', 'card', 'chin', 'yard', 'goat', 'wave', 'shoe', 'lake', 'mall', 'door', 'star']","['coin', 'meat', 'dude', 'tree', 'milk', 'yard', 'farm', 'goat', 'wave', 'shoe', 'lake', 'mall', 'door', 'star']"
236,math,"['clam', 'plum', 'lake', 'chin', 'hero', 'rope', 'frog', 'lord', 'lady', 'boot', 'crew', 'cave', 'boar', 'hawk', 'clan']","['plum', 'lake', 'chin', 'hero', 'rope', 'frog', 'lord', 'lady', 'crew', 'foot', 'cave', 'hawk', 'clan']"
237,math,"['folk', 'wrap', 'tree', 'skin', 'hawk', 'girl', 'peer', 'wolf', 'dove', 'wood', 'fire', 'door', 'peak', 'back', 'seal']","['folk', 'wrap', 'tree', 'skin', 'hawk', 'girl', 'peer', 'wolf', 'dove', 'wood', 'fire', 'door']"
238,math,"['sofa', 'head', 'hare', 'diva', 'isle', 'wind', 'twin', 'cart', 'crow', 'salt', 'baby', 'game', 'farm', 'hawk', 'ring']","['sofa', 'head', 'hare', 'isle', 'wind', 'twin', 'cart', 'crow', 'salt', 'baby', 'game', 'farm', 'hawk', 'ring']"
239,math,"['pony', 'king', 'wire', 'tuna', 'card', 'rock', 'wall', 'bike', 'bell', 'ring', 'wave', 'drum', 'back', 'peer', 'moon']","['pony', 'king', 'wire', 'tuna', 'card', 'rock', 'wave', 'drum', 'back', 'peer']"
240,math,"['isle', 'peak', 'shoe', 'bush', 'flag', 'stew', 'crow', 'kite', 'barn', 'bowl', 'hero', 'bull', 'ring', 'clan', 'nail']","['isle', 'peak', 'boot', 'bush', 'flag', 'stew', 'crow', 'bowl', 'hero', 'bull', 'ring']"
241,normal,"['mask', 'wife', 'land', 'pipe', 'face', 'chin', 'belt', 'bush', 'boot', 'rock', 'loaf', 'dock', 'folk', 'wrap', 'game']","['mask', 'wife', 'land', 'pipe', 'game', 'dog', 'man', 'pibe']"
242,normal,"['path', 'dude', 'flag', 'bean', 'loaf', 'sock', 'lark', 'brat', 'dust', 'snow', 'pipe', 'hero', 'head', 'goat', 'bowl']","['path', 'bean', 'goat', 'head', 'life', 'boat', 'land', 'wife', 'hand', 'man']"
243,normal,"['crab', 'mama', 'hair', 'tree', 'rock', 'peak', 'lamp', 'town', 'wave', 'crow', 'head', 'drum', 'hero', 'wife', 'flag']","['crab', 'wife', 'drum', 'flag', 'mama', 'leaf', 'boat', 'hat']"
244,normal,"['road', 'face', 'lock', 'dude', 'roof', 'peak', 'door', 'farm', 'bear', 'tent', 'seal', 'ball', 'head', 'park', 'sock']","['farm', 'bear', 'sent', 'sock', 'tent', 'seal', 'mama', 'wife', 'boat', 'bean']"
245,normal,"['beef', 'seat', 'rain', 'peer', 'soup', 'park', 'hill', 'taco', 'gnat', 'cake', 'lord', 'frog', 'coin', 'nail', 'soil']","['beef', 'seat', 'rain', 'nail', 'coin', 'beer', 'cake', 'snail', 'taco']"
246,normal,"['duck', 'wolf', 'lamp', 'mall', 'note', 'roof', 'diva', 'soup', 'fish', 'farm', 'belt', 'park', 'mole', 'chin', 'rock']","['duck', 'wolf', 'lamp', 'mall', 'chin', 'rock', 'bear']"
247,normal,"['pear', 'nail', 'mole', 'drum', 'beer', 'bowl', 'gnat', 'foot', 'lips', 'wrap', 'vest', 'calf', 'crab', 'note', 'lady']","['pear', 'nail', 'crab', 'note', 'lady', 'deer']"
248,normal,"['farm', 'tide', 'crew', 'folk', 'chin', 'tent', 'taco', 'rock', 'fire', 'snow', 'lamp', 'peak', 'game', 'bell', 'plum']","['farm', 'tide', 'rock', 'fire', 'game', 'bell', 'plum', 'ring']"
249,normal,"['foot', 'head', 'papa', 'bike', 'belt', 'toad', 'fork', 'fire', 'folk', 'wine', 'city', 'goat', 'dune', 'hand', 'wolf']","['foot', 'head', 'dune', 'hand', 'wolf', 'wind']"
250,normal,"['fish', 'chef', 'pear', 'corn', 'rope', 'snow', 'mole', 'kite', 'lion', 'milk', 'skin', 'king', 'crow', 'film', 'game']","['fish', 'pear', 'rope', 'film', 'game', 'ring']"
251,normal,"['pals', 'card', 'lark', 'hero', 'brat', 'cola', 'foot', 'nail', 'head', 'maid', 'lake', 'baby', 'pond', 'cave', 'yard']","['card', 'lark', 'hero', 'pond', 'cave', 'yard', 'wolf']"
252,normal,"['soil', 'pita', 'wire', 'clam', 'head', 'chin', 'skin', 'rice', 'hill', 'pals', 'wave', 'lips', 'hero', 'lord', 'sofa']","['soil', 'pita', 'clam', 'lord', 'sofa']"
253,normal,"['crew', 'door', 'clam', 'town', 'pipe', 'face', 'bear', 'duck', 'rope', 'mine', 'pear', 'lock', 'land', 'king', 'hill']","['crew', 'door', 'land', 'king', 'hill']"
254,normal,"['rock', 'peer', 'kite', 'bear', 'guru', 'corn', 'town', 'bean', 'ball', 'carp', 'lion', 'worm', 'roof', 'face', 'lips']","['rock', 'bear', 'face', 'lips']"
255,normal,"['mine', 'clam', 'nerd', 'deer', 'flag', 'barn', 'tree', 'tide', 'soup', 'mall', 'baby', 'duck', 'goat', 'cake', 'salt']","['mine', 'clam', 'nerd', 'goat', 'cake', 'salt']"
256,normal,"['rock', 'head', 'clip', 'shop', 'rain', 'peak', 'girl', 'vest', 'cake', 'mama', 'cart', 'taco', 'boar', 'drum', 'belt']","['rock', 'head', 'cake', 'drum', 'belt', 'papa']"
257,normal,"['seat', 'soda', 'mole', 'twin', 'hand', 'flag', 'face', 'mate', 'mine', 'chin', 'door', 'rock', 'belt', 'chip', 'peak']","['seat', 'soda', 'rock', 'chip', 'peak', 'pals']"
258,normal,"['town', 'baby', 'peer', 'king', 'plum', 'duck', 'tool', 'cola', 'mask', 'crow', 'sand', 'girl', 'pita', 'lark', 'mine']","['town', 'baby', 'king', 'duck', 'pita', 'lark', 'mine', 'pear']"
259,normal,"['plum', 'cart', 'goat', 'seat', 'barn', 'lock', 'wire', 'boar', 'rain', 'coin', 'wife', 'wrap', 'crab', 'shed', 'mask']","['plum', 'cart', 'crab', 'shed', 'mask', 'wolf']"
260,normal,"['bean', 'wolf', 'wrap', 'yard', 'lock', 'nose', 'beer', 'boot', 'bowl', 'film', 'mule', 'flag', 'fern', 'book', 'roof']","['bean', 'wolf', 'boot', 'bowl', 'film', 'book', 'roof', 'wine']"
261,fast,"['film', 'belt', 'rope', 'bull', 'pals', 'baby', 'meat', 'moon', 'star', 'goat', 'wrap', 'crew', 'papa', 'mule', 'bear']","['film', 'papa', 'crew', 'bear', 'belt', 'baby']"
262,fast,"['pear', 'nail', 'mole', 'drum', 'beer', 'bowl', 'gnat', 'foot', 'lips', 'wrap', 'vest', 'calf', 'crab', 'note', 'lady']","['pear', 'nail', 'crab', 'mole', 'note', 'lady', 'bear']"
263,fast,"['farm', 'tide', 'crew', 'folk', 'chin', 'tent', 'taco', 'rock', 'fire', 'snow', 'lamp', 'peak', 'game', 'bell', 'plum']","['farm', 'crew', 'game', 'peak', 'mole', 'taco']"
264,fast,"['foot', 'head', 'papa', 'bike', 'belt', 'toad', 'fork', 'fire', 'folk', 'wine', 'city', 'goat', 'dune', 'hand', 'wolf']","['foot', 'head', 'papa', 'bike', 'fire', 'wine']"
265,fast,"['fish', 'chef', 'pear', 'corn', 'rope', 'snow', 'mole', 'kite', 'lion', 'milk', 'skin', 'king', 'crow', 'film', 'game']","['fish', 'snow', 'peark', 'pear', 'king', 'mole']"
266,fast,"['duck', 'goat', 'lamp', 'moon', 'tide', 'folk', 'corn', 'hill', 'lord', 'face', 'pond', 'wrap', 'crab', 'film', 'rope']","['duck', 'goat', 'lamp', 'crab', 'film', 'rope']"
267,fast,"['bean', 'mall', 'hair', 'goat', 'duck', 'frog', 'card', 'rope', 'tide', 'wave', 'hero', 'bell', 'film', 'land', 'taco']","['bean', 'mall', 'goat', 'frog', 'film']"
268,fast,"['path', 'flag', 'corn', 'drum', 'mama', 'tent', 'taco', 'snow', 'lamp', 'belt', 'wave', 'park', 'chin', 'frog', 'wolf']","['path', 'flag', 'lamp', 'frog', 'wolf', 'corn']"
269,fast,"['rock', 'nail', 'mole', 'bear', 'wolf', 'rope', 'mall', 'goat', 'belt', 'soup', 'hill', 'taco', 'crew', 'king', 'wine']","['rock', 'bear', 'wolf', 'king', 'wine']"
270,fast,"['duck', 'lamp', 'corn', 'hill', 'lord', 'face', 'pond', 'wrap', 'crab', 'film', 'rope', 'mask', 'nose', 'book', 'roof']","['duck', 'lamp', 'film', 'rope', 'mask', 'book']"
271,fast,"['pear', 'mule', 'wolf', 'tide', 'boss', 'lamp', 'frog', 'game', 'rope', 'milk', 'king', 'wave', 'mall', 'hill', 'rock']","['pear', 'wolf', 'lamp', 'frog', 'king']"
272,fast,"['farm', 'baby', 'note', 'rice', 'belt', 'soup', 'goat', 'hero', 'mist', 'mall', 'taco', 'kite', 'lord', 'wolf', 'wine']","['farm', 'baby', 'goat', 'hero', 'wolf']"
273,fast,"['path', 'deer', 'mall', 'corn', 'frog', 'rope', 'beer', 'flag', 'land', 'duck', 'clan', 'wolf', 'lamp', 'goat', 'rock']","['path', 'mall', 'frog', 'lamp', 'rock', 'goat']"
274,fast,"['hill', 'rope', 'lamp', 'king', 'bear', 'pond', 'cart', 'mole', 'snow', 'wolf', 'mask', 'corn', 'tree', 'wave', 'hero']","['hill', 'lamp', 'king', 'bear', 'wolf', 'hero']"
275,fast,"['fish', 'folk', 'coat', 'mall', 'pipe', 'rain', 'worm', 'frog', 'goat', 'chin', 'lord', 'wave', 'baby', 'bear', 'film']","['fish', 'mall', 'frog', 'goat', 'bear', 'film']"
276,fast,"['rock', 'lord', 'mask', 'roof', 'belt', 'mole', 'film', 'soup', 'wolf', 'hand', 'mall', 'hero', 'tide', 'frog', 'note']","['rock', 'mask', 'wolf', 'hero', 'frog']"
277,fast,"['bean', 'mall', 'card', 'goat', 'film', 'kite', 'rope', 'frog', 'duck', 'lion', 'snow', 'belt', 'taco', 'mole', 'wolf']","['bean', 'mall', 'goat', 'film', 'frog', 'wolf']"
278,fast,"['duck', 'goat', 'lamp', 'wave', 'mist', 'lord', 'crew', 'hill', 'frog', 'wine', 'mall', 'bear', 'taco', 'kite', 'mask']","['duck', 'goat', 'lamp', 'frog', 'bear']"
279,fast,"['farm', 'rope', 'corn', 'wolf', 'goat', 'mall', 'soup', 'lamp', 'belt', 'tide', 'moon', 'plum', 'fish', 'note', 'chin']","['farm', 'wolf', 'goat', 'lamp', 'belt']"
280,fast,"['rock', 'mall', 'rope', 'goat', 'bear', 'corn', 'flag', 'lord', 'wine', 'crew', 'mask', 'frog', 'taco', 'hill', 'wolf']","['rock', 'bear', 'frog', 'hill', 'wolf', 'wine']"
281,math,"['pals', 'card', 'lark', 'hero', 'brat', 'cola', 'foot', 'nail', 'head', 'maid', 'lake', 'baby', 'pond', 'cave', 'yard']","['card', 'lard', 'yard', 'lake', 'head', 'woman', 'bike']"
282,math,"['soil', 'pita', 'wire', 'clam', 'head', 'chin', 'skin', 'rice', 'hill', 'pals', 'wave', 'lips', 'hero', 'lord', 'sofa']","['spin', 'chin', 'piza', 'lord', 'clam', 'pita']"
283,math,"['shop', 'baby', 'sock', 'rock', 'bear', 'salt', 'nerd', 'crew', 'lamb', 'hill', 'tree', 'soda', 'king', 'park', 'dust']","['sock', 'rock', 'soda', 'soil', 'pita', 'king', 'clam']"
284,math,"['rock', 'peer', 'kite', 'bear', 'guru', 'corn', 'town', 'bean', 'ball', 'carp', 'lion', 'worm', 'roof', 'face', 'lips']","['rock', 'sock', 'pizza', 'lips', 'face', 'king']"
285,math,"['mine', 'clam', 'nerd', 'deer', 'flag', 'barn', 'tree', 'tide', 'soup', 'mall', 'baby', 'duck', 'goat', 'cake', 'salt']","['mine', 'deer', 'salt', 'duck', 'soup', 'cake', 'rock', 'baby']"
286,math,"['duck', 'lamp', 'corn', 'hill', 'lord', 'face', 'pond', 'wrap', 'crab', 'film', 'rope', 'mask', 'nose', 'book', 'roof']","['duck', 'lamp', 'hill', 'film', 'rope', 'book', 'mask']"
287,math,"['pear', 'mule', 'wolf', 'tide', 'boss', 'lamp', 'frog', 'game', 'rope', 'milk', 'king', 'wave', 'mall', 'hill', 'rock']","['pear', 'wolf', 'lamp', 'frog', 'mall', 'ring', 'milk']"
288,math,"['farm', 'baby', 'note', 'rice', 'belt', 'soup', 'goat', 'hero', 'mist', 'mall', 'taco', 'kite', 'lord', 'wolf', 'wine']","['farm', 'baby', 'goat', 'hero', 'wine', 'wolf']"
289,math,"['path', 'deer', 'mall', 'corn', 'frog', 'rope', 'beer', 'flag', 'land', 'duck', 'clan', 'wolf', 'lamp', 'goat', 'rock']","['path', 'mall', 'frog', 'lamp', 'goat', 'dock', 'wolf']"
290,math,"['hill', 'rope', 'lamp', 'king', 'bear', 'pond', 'cart', 'mole', 'snow', 'wolf', 'mask', 'corn', 'tree', 'wave', 'hero']","['hill', 'lamp', 'king', 'bear', 'wolf', 'hero', 'corn']"
291,math,"['fish', 'folk', 'coat', 'mall', 'pipe', 'rain', 'worm', 'frog', 'goat', 'chin', 'lord', 'wave', 'baby', 'bear', 'film']","['fish', 'frog', 'goat', 'bear', 'film', 'mall']"
292,math,"['rock', 'lord', 'mask', 'roof', 'belt', 'mole', 'film', 'soup', 'wolf', 'hand', 'mall', 'hero', 'tide', 'frog', 'note']","['rock', 'wolf', 'film', 'hero', 'frog', 'mall']"
293,math,"['bean', 'mall', 'card', 'goat', 'film', 'kite', 'rope', 'frog', 'duck', 'lion', 'snow', 'belt', 'taco', 'mole', 'wolf']","['bean', 'mall', 'film', 'frog', 'wolf', 'kite', 'taco']"
294,math,"['duck', 'goat', 'lamp', 'wave', 'mist', 'lord', 'crew', 'hill', 'frog', 'wine', 'mall', 'bear', 'taco', 'kite', 'mask']","['duck', 'goat', 'lamp', 'frog', 'bear', 'mask']"
295,math,"['farm', 'rope', 'corn', 'wolf', 'goat', 'mall', 'soup', 'lamp', 'belt', 'tide', 'moon', 'plum', 'fish', 'note', 'chin']","['farm', 'rope', 'lamp', 'wolf', 'bear']"
296,math,"['rock', 'mall', 'rope', 'goat', 'bear', 'corn', 'flag', 'lord', 'wine', 'crew', 'mask', 'frog', 'taco', 'hill', 'wolf']","['rock', 'bear', 'frog', 'wine', 'wolf', 'mask']"
297,math,"['pals', 'card', 'hill', 'hero', 'brat', 'cola', 'foot', 'nail', 'head', 'maid', 'lake', 'baby', 'pond', 'cave', 'yard']","['card', 'hill', 'hero', 'lake', 'yard', 'maid']"
298,math,"['soil', 'pita', 'wire', 'clam', 'head', 'chin', 'skin', 'rice', 'hill', 'pals', 'wave', 'lips', 'hero', 'lord', 'sofa']","['pita', 'clam', 'head', 'chin', 'lord', 'lips', 'sofa']"
299,math,"['shop', 'baby', 'sock', 'rock', 'bear', 'salt', 'nerd', 'crew', 'lamb', 'hill', 'tree', 'soda', 'king', 'park', 'dust']","['baby', 'sock', 'rock', 'king', 'soda', 'crew']"
300,math,"['mine', 'clam', 'nerd', 'deer', 'flag', 'barn', 'tree', 'tide', 'soup', 'mall', 'baby', 'duck', 'goat', 'cake', 'salt']","['mine', 'deer', 'duck', 'goat', 'soup', 'cake', 'baby']"
301,break,"['rock', 'head', 'clip', 'shop', 'rain', 'peak', 'girl', 'vest', 'cake', 'mama', 'cart', 'taco', 'boar', 'drum', 'belt']","['rock', 'girl', 'head', 'clip', 'rain', 'taco', 'mama', 'pea', 'pear']"
302,break,"['seat', 'soda', 'mole', 'twin', 'hand', 'flag', 'face', 'mate', 'mine', 'chin', 'door', 'rock', 'belt', 'chip', 'peak']","['mine', 'twin', 'soda', 'chip', 'seat', 'hand', 'peak']"
303,break,"['town', 'baby', 'peer', 'king', 'plum', 'duck', 'tool', 'cola', 'mask', 'crow', 'sand', 'girl', 'pita', 'lark', 'mine']","['king', 'duck', 'cola', 'mine', 'crown', 'baby', 'crow', 'town']"
304,break,"['plum', 'cart', 'goat', 'seat', 'barn', 'lock', 'wire', 'boar', 'rain', 'coin', 'wife', 'wrap', 'crab', 'shed', 'mask']","['goat', 'coin', 'wife', 'cart', 'shed', 'break', 'deer', 'hand', 'town', 'break']"
305,break,"['bean', 'wolf', 'wrap', 'yard', 'lock', 'nose', 'beer', 'boot', 'bowl', 'film', 'mule', 'flag', 'fern', 'book', 'roof']","['flag', 'mule', 'book', 'roof', 'bean', 'wrap']"
306,break,"['fish', 'hero', 'rope', 'duck', 'mole', 'wolf', 'mask', 'farm', 'lamp', 'corn', 'goat', 'belt', 'mall', 'kite', 'wine']","['fish', 'hero', 'duck', 'goat', 'belt', 'mall', 'wine']"
307,break,"['bean', 'mall', 'flag', 'frog', 'lord', 'hill', 'rope', 'taco', 'wolf', 'film', 'cart', 'pear', 'rain', 'note', 'chin']","['bean', 'flag', 'frog', 'wolf', 'film', 'rain']"
308,break,"['farm', 'goat', 'baby', 'mask', 'moon', 'rope', 'wave', 'crow', 'belt', 'taco', 'bear', 'mall', 'hand', 'soup', 'rock']","['farm', 'goat', 'baby', 'belt', 'bear', 'rock', 'soup']"
309,break,"['rock', 'mall', 'pond', 'duck', 'film', 'roof', 'king', 'corn', 'frog', 'wolf', 'kite', 'rope', 'baby', 'lamp', 'hill']","['rock', 'mall', 'pond', 'duck', 'rope', 'baby', 'hill']"
310,break,"['mine', 'card', 'wolf', 'soup', 'taco', 'belt', 'goat', 'mall', 'corn', 'baby', 'chin', 'kite', 'rock', 'lord', 'film']","['mine', 'wolf', 'taco', 'goat', 'rock', 'film', 'baby']"
311,break,"['pear', 'rope', 'mole', 'mall', 'goat', 'film', 'wolf', 'bear', 'hero', 'frog', 'wine', 'tide', 'belt', 'chin', 'hill']","['pear', 'rope', 'goat', 'wolf', 'hero', 'belt']"
312,break,"['duck', 'wolf', 'rope', 'pond', 'flag', 'mall', 'corn', 'film', 'frog', 'goat', 'taco', 'mask', 'chin', 'kite', 'hill']","['duck', 'wolf', 'pond', 'kite', 'hill']"
313,break,"['hill', 'rope', 'goat', 'film', 'bear', 'corn', 'taco', 'lord', 'wine', 'mall', 'frog', 'chin', 'card', 'kite', 'wolf']","['hill', 'goat', 'film', 'bear', 'wine', 'wolf', 'corn']"
314,break,"['farm', 'mall', 'rope', 'corn', 'bear', 'goat', 'taco', 'frog', 'hill', 'lamp', 'king', 'mask', 'baby', 'kite', 'wolf']","['farm', 'bear', 'hill', 'lamp', 'king', 'wolf']"
315,break,"['rock', 'goat', 'corn', 'wolf', 'lamp', 'film', 'mall', 'frog', 'taco', 'belt', 'chin', 'kite', 'wine', 'card', 'duck']","['rock', 'goat', 'frog', 'film', 'duck', 'wine']"
316,break,"['bean', 'mall', 'rope', 'frog', 'wolf', 'corn', 'taco', 'goat', 'film', 'belt', 'chin', 'kite', 'mask', 'hill', 'lord']","['bean', 'mall', 'frog', 'goat', 'film', 'hill']"
317,break,"['pear', 'goat', 'rope', 'corn', 'frog', 'wolf', 'lamp', 'film', 'mall', 'hill', 'kite', 'taco', 'bear', 'mask', 'wine']","['pear', 'goat', 'frog', 'mall', 'bear', 'wine']"
318,break,"['mine', 'wolf', 'rope', 'frog', 'corn', 'goat', 'lamp', 'taco', 'bear', 'kite', 'hill', 'film', 'mall', 'lord', 'wine']","['mine', 'wolf', 'rope', 'frog', 'mall', 'wine']"
319,break,"['farm', 'corn', 'wolf', 'frog', 'lamp', 'goat', 'hill', 'taco', 'wine', 'mall', 'bear', 'film', 'rope', 'chin', 'rock']","['farm', 'wolf', 'frog', 'hill', 'wine', 'bear']"
320,break,"['rock', 'goat', 'wolf', 'frog', 'corn', 'mall', 'taco', 'film', 'hill', 'lamp', 'rope', 'wine', 'bear', 'kite', 'belt']","['rock', 'goat', 'wolf', 'frog', 'hill', 'wine']"
